cat,isLeasable
Home & Kitchen/Furniture/Home Office Furniture/Bookcases,True
Home & Kitchen/Furniture/Home Office Furniture/Computer Armoires & Hutches,True
Home & Kitchen/Furniture/Home Office Furniture/Drafting Tables,True
Home & Kitchen/Furniture/Home Office Furniture/Home Office Cabinets,True
Home & Kitchen/Furniture/Home Office Furniture/Office Chairs/Home Office Desk Chairs,True
Home & Kitchen/Furniture/Home Office Furniture/Office Chairs/Office Kneeling Chairs,True
Home & Kitchen/Furniture/Home Office Furniture/Home Office Desks,True
Home & Kitchen/Furniture/Home Office Furniture/Home Office Furniture Sets,True
Home & Kitchen/Furniture/Home Office Furniture/Hutches,True
Home & Kitchen/Furniture/Bedroom Furniture/Dressers & Chests of Drawers,True
Home & Kitchen/Furniture/Entryway Furniture/Coat Racks,True
Home & Kitchen/Furniture/Entryway Furniture/Hall Trees,True
Home & Kitchen/Furniture/Entryway Furniture/Storage Benches,True
"Home & Kitchen/Furniture/Bedroom Furniture/Beds, Frames & Bases/Bed Bases & Foundations/Adjustable Bed Bases",True
"Home & Kitchen/Furniture/Bedroom Furniture/Beds, Frames & Bases/Bed Bases & Foundations/Bed Slats",True
Home & Kitchen/Furniture/Bedroom Furniture/Mattresses & Box Springs/Box Springs,True
"Home & Kitchen/Furniture/Bedroom Furniture/Beds, Frames & Bases/Bed Bases & Foundations/Bunkie Boards",True
"Home & Kitchen/Furniture/Bedroom Furniture/Beds, Frames & Bases/Bed Frames",True
"Home & Kitchen/Furniture/Bedroom Furniture/Beds, Frames & Bases/Beds",True
"Home & Kitchen/Furniture/Bedroom Furniture/Beds, Frames & Bases/Headboards & Footboards/Headboards",True
"Home & Kitchen/Furniture/Bedroom Furniture/Beds, Frames & Bases/Headboards & Footboards/Footboards",True
Home & Kitchen/Furniture/Bedroom Furniture/Bedroom Armoires,True
Home & Kitchen/Furniture/Bedroom Furniture/Mattresses & Box Springs/Mattress & Box Spring Sets,True
Home & Kitchen/Furniture/Bedroom Furniture/Mattresses & Box Springs/Mattresses,True
Home & Kitchen/Furniture/Bedroom Furniture/Mattresses & Box Springs/Waterbed Mattresses,True
Home & Kitchen/Furniture/Bedroom Furniture/Nightstands,True
Home & Kitchen/Furniture/Bedroom Furniture/Vanities & Vanity Benches,True
Home & Kitchen/Furniture/Bedroom Furniture/Bedroom Sets,True
Home & Kitchen/Furniture/Bedroom Furniture/Room Dividers,True
Home & Kitchen/Furniture/Bedroom Furniture/Storage Trunks & Chests/Storage Chests,True
Home & Kitchen/Furniture/Bedroom Furniture/Storage Trunks & Chests/Storage Trunks,True
Home & Kitchen/Furniture/Dining Room Furniture/Buffets & Sideboards,True
Home & Kitchen/Furniture/Dining Room Furniture/Kitchen & Dining Room Chairs,True
Home & Kitchen/Furniture/Dining Room Furniture/Glass Display Cabinets,True
Home & Kitchen/Furniture/Dining Room Furniture/Pantries,True
Home & Kitchen/Furniture/Dining Room Furniture/Kitchen & Dining Room Sets,True
Home & Kitchen/Furniture/Dining Room Furniture/Kitchen & Dining Room Benches,True
Home & Kitchen/Furniture/Dining Room Furniture/Kitchen & Dining Room Tables,True
Home & Kitchen/Furniture/Living Room Furniture/Sofas & Couches,True
Home & Kitchen/Furniture/Living Room Furniture/Living Room Chairs,True
Home & Kitchen/Furniture/Living Room Furniture/Living Room Tables/Coffee Tables,True
Home & Kitchen/Furniture/Living Room Furniture/TV & Media Furniture/Television Stands,True
Home & Kitchen/Furniture/Living Room Furniture/Living Room Tables/End Tables,True
Home & Kitchen/Furniture/Living Room Furniture/Living Room Tables/Sofa Tables,True
Home & Kitchen/Furniture/Living Room Furniture/Ottomans,True
Home & Kitchen/Furniture/Living Room Furniture/Living Room Furniture Sets,True
Home & Kitchen/Furniture/Living Room Furniture/Ladder Shelves,True
Home & Kitchen/Furniture/Living Room Furniture/Living Room Tables/Nesting Tables,True
Home & Kitchen/Furniture/Bedroom Furniture/Closet Quilt Stands,True
Home & Kitchen/Furniture/Storage Cabinets,True
Home & Kitchen/Furniture/Bathroom Accessories/Bathroom Mirrors,True
Home & Kitchen/Furniture/Bathroom Furniture/Bathroom Furniture Sets,True
Home & Kitchen/Furniture/Bathroom Furniture/Over-the-Toilet Storage,True
Home & Kitchen/Furniture/Bathroom Accessories/Bathroom Towel Holders,True
Home & Kitchen/Furniture/Bedroom Furniture/Mattresses & Box Springs/Mattresses Toppers,True
Home & Kitchen/Furniture/Entryway Furniture/Wall-Mounted Mirrors,True
Home & Kitchen/Furniture/Entryway Furniture/Shoe Organizers/Boot & Shoe Boxes,True
Home & Kitchen/Furniture/Entryway Furniture/Shoe Organizers/Folding Shoe Racks,True
Home & Kitchen/Furniture/Entryway Furniture/Shoe Organizers/Free Standing Shoe Racks,True
Home & Kitchen/Furniture/Entryway Furniture/Shoe Organizers/Hanging Shoe Organizers,True
Home & Kitchen/Furniture/Entryway Furniture/Shoe Organizers/Over the Door Shoe Organizers,True
Home & Kitchen/Furniture/Entryway Furniture/Shoe Organizers/Shoe Cabinets,True
Home & Kitchen/Furniture/Entryway Furniture/Shoe Organizers/Shoe Slots,True
Home & Kitchen/Furniture/Game & Recreation Room Furniture/Directors Chairs,True
Home & Kitchen/Furniture/Game & Recreation Room Furniture/Folding Chairs,True
Home & Kitchen/Furniture/Game & Recreation Room Furniture/Folding Tables,True
Home & Kitchen/Furniture/Game & Recreation Room Furniture/Game & Card Tables,True
Home & Kitchen/Furniture/Game & Recreation Room Furniture/Gaming Chairs/Computer Gaming Chairs,True
Home & Kitchen/Furniture/Game & Recreation Room Furniture/Glider Chairs,True
Home & Kitchen/Furniture/Game & Recreation Room Furniture/Home Bar Furniture/Home Bar & Serving Carts,True
Home & Kitchen/Furniture/Game & Recreation Room Furniture/Home Bar Furniture/Bars & Wine Cabinets/Bar Tables,True
Home & Kitchen/Furniture/Game & Recreation Room Furniture/Home Bar Furniture/Bars & Wine Cabinets/Bar Cabinets,True
Home & Kitchen/Furniture/Game & Recreation Room Furniture/Home Bar Furniture/Barstools,True
Home & Kitchen/Furniture/Game & Recreation Room Furniture/TV Trays,True
Home & Kitchen/Furniture/Game & Recreation Room Furniture/Video Game Chairs,True
Home & Kitchen/Furniture/Home Office Furniture/Wastebaskets,True
Home & Kitchen/Furniture/Kids' Furniture/Kids' Armoires & Dressers,True
Home & Kitchen/Furniture/Kids' Furniture/Kids' Bed Frames & Headboards,True
"Home & Kitchen/Furniture/Kids' Furniture/Kids' Bookcases, Cabinets & Shelves",True
Home & Kitchen/Furniture/Kids' Furniture/Kids' Chairs/Kids' Armchairs,True
Home & Kitchen/Furniture/Kids' Furniture/Kids' Chairs/Kids' Bean Bag Chairs,True
Home & Kitchen/Furniture/Kids' Furniture/Kids' Chairs/Kids' Benches,True
Home & Kitchen/Furniture/Kids' Furniture/Kids' Chairs/Kids' Desk Chairs,True
Home & Kitchen/Furniture/Kids' Furniture/Kids' Chairs/Kids' Folding Chairs,True
Home & Kitchen/Furniture/Kids' Furniture/Kids' Chairs/Kids' Recliners,True
Home & Kitchen/Furniture/Kids' Furniture/Kids' Chairs/Kids' Rocking Chairs,True
Home & Kitchen/Furniture/Kids' Furniture/Kids' Chairs/Kids' Stools,True
Home & Kitchen/Furniture/Kids' Furniture/Kids' Storage Chests & Trunks,True
Home & Kitchen/Furniture/Kids' Furniture/Kids' Desks & Desk Sets/Kids' Desks,True
Home & Kitchen/Furniture/Kids' Furniture/Kids' Desks & Desk Sets/Kids' Desk & Chair Sets,True
Home & Kitchen/Furniture/Kids' Furniture/Kids' Nightstands,True
Home & Kitchen/Furniture/Kids' Furniture/Kids' Ottomans,True
Home & Kitchen/Furniture/Kids' Furniture/Kids' Sofas,True
Home & Kitchen/Furniture/Kids' Furniture/Kids' Step Stools,True
Home & Kitchen/Furniture/Kids' Furniture/Kids' Tables & Chairs/Kids' Table & Chair Sets,True
Home & Kitchen/Furniture/Kids' Furniture/Kids' Tables & Chairs/Kids' Tables,True
Home & Kitchen/Furniture/Kids' Furniture/Toy Bags & Nets,True
Home & Kitchen/Furniture/Kids' Furniture/Kids' Vanities,True
Home & Kitchen/Furniture/Kitchen Furniture/Baker's Racks/Standing Baker's Racks,True
Home & Kitchen/Furniture/Kitchen Furniture/Kitchen & Dining Room Benches,True
Home & Kitchen/Furniture/Kitchen Furniture/Kitchen & Dining Room Chairs,True
Home & Kitchen/Furniture/Kitchen Furniture/Kitchen & Dining Room Sets,True
Home & Kitchen/Furniture/Kitchen Furniture/Kitchen & Dining Room Tables,True
Home & Kitchen/Furniture/Kitchen Furniture/Kitchen Storage Islands & Carts/Mobile Kitchen Storage Islands,True
Home & Kitchen/Furniture/Kitchen Furniture/Kitchen Storage Islands & Carts/Stationary Kitchen Storage Islands,True
Home & Kitchen/Furniture/Kitchen Furniture/Kitchen Storage Islands & Carts/Kitchen Storage Carts,True
"Home & Kitchen/Furniture/Living Room Furniture/Bean Bags, Covers & Refills/Bean Bag Covers",True
"Home & Kitchen/Furniture/Living Room Furniture/Bean Bags, Covers & Refills/Bean Bag Refills",True
"Home & Kitchen/Furniture/Living Room Furniture/Bean Bags, Covers & Refills/Bean Bag Chairs",True
Home & Kitchen/Furniture/Living Room Furniture/Chaise Lounges,True
Home & Kitchen/Furniture/Living Room Furniture/Futons/Futon Mattresses,True
Home & Kitchen/Furniture/Living Room Furniture/Poufs,True
Home & Kitchen/Furniture/Living Room Furniture/Living Room Tables/Living Room Table Sets,True
Home & Kitchen/Furniture/Living Room Furniture/Living Room Tables/Pedestal Tables,True
Home & Kitchen/Furniture/Living Room Furniture/TV & Media Furniture/Audio-Video Shelving,True
Home & Kitchen/Furniture/Living Room Furniture/TV & Media Furniture/Home Theater Seating,True
Home & Kitchen/Furniture/Living Room Furniture/TV & Media Furniture/Media Storage/Audio Cassette Storage Products,True
Home & Kitchen/Furniture/Living Room Furniture/TV & Media Furniture/Media Storage/DVD Cases,True
Home & Kitchen/Furniture/Furniture Replacement Parts/Bed Replacement Parts,True
Home & Kitchen/Furniture/Furniture Replacement Parts/Recliner Replacement Parts,True
Home & Kitchen/Furniture/Furniture Replacement Parts/Sofa Replacement Parts,True
Home & Kitchen/Furniture/Kids' Furniture/Kids' Bedroom Sets,True
Home & Kitchen/Furniture/Kids' Furniture/Children's Poufs,True
Home & Kitchen/Furniture/Kitchen Furniture/Baker's Racks/Corner Baker's Racks,True
Home & Kitchen/Furniture/Living Room Furniture/Living Room Tables/Telephone Tables,True
